file_index,class
0,1
1,2
10,5
100,7
1000,6
1001,0
1002,8
1003,2
1004,8
1005,3
1006,0
1007,7
1008,3
1009,4
101,5
1010,11
1011,1
1012,5
1013,10
1014,10
1015,5
1016,2
1017,10
1018,12
1019,11
102,1
1020,2
1021,5
1022,10
1023,0
1024,10
1025,8
1026,5
1027,9
1028,1
1029,5
103,4
1030,12
1031,3
1032,8
1033,3
1034,10
1035,3
1036,3
1037,2
1038,11
1039,0
104,10
1040,11
1041,1
1042,7
1043,8
1044,5
1045,4
1046,0
1047,1
1048,9
1049,7
105,8
1050,7
1051,0
1052,10
1053,11
1054,0
1055,5
1056,1
1057,5
1058,10
1059,9
106,6
1060,11
1061,11
1062,1
1063,11
1064,2
1065,11
1066,4
1067,9
1068,7
1069,10
107,2
1070,5
1071,12
1072,2
1073,6
1074,10
1075,1
1076,11
1077,5
1078,5
1079,3
108,6
1080,2
1081,6
1082,10
1083,7
1084,4
1085,11
1086,2
1087,5
1088,7
1089,12
109,7
1090,3
1091,5
1092,7
1093,9
1094,9
1095,3
1096,4
1097,3
1098,5
1099,12
11,4
110,4
1100,1
1101,11
1102,7
1103,3
1104,3
1105,11
1106,0
1107,7
1108,6
1109,0
111,10
1110,1
1111,1
1112,11
1113,0
1114,3
1115,5
1116,0
1117,3
1118,10
1119,2
112,8
1120,3
1121,8
1122,11
1123,8
1124,11
1125,8
1126,4
1127,3
1128,1
1129,0
113,4
1130,6
1131,12
1132,4
1133,9
1134,4
1135,1
1136,7
1137,3
1138,3
1139,5
114,3
1140,5
1141,9
1142,10
1143,11
1144,8
1145,11
1146,8
1147,4
1148,3
1149,0
115,4
1150,8
1151,3
1152,9
1153,11
1154,2
1155,7
1156,0
1157,4
1158,5
1159,0
116,5
1160,6
1161,7
1162,1
1163,9
1164,0
1165,11
1166,0
1167,6
1168,12
1169,5
117,3
1170,6
1171,0
1172,6
1173,3
1174,7
1175,8
1176,2
1177,9
1178,5
1179,4
118,2
1180,6
1181,8
1182,3
1183,5
1184,1
1185,6
1186,1
1187,8
1188,8
1189,8
119,11
1190,6
1191,0
1192,5
1193,1
1194,4
1195,7
1196,11
1197,1
1198,2
1199,10
12,2
120,2
1200,6
1201,7
1202,10
1203,3
1204,6
1205,8
1206,6
1207,8
1208,4
1209,5
121,2
1210,4
1211,0
1212,4
1213,6
1214,7
1215,5
1216,9
1217,9
1218,4
1219,6
122,9
1220,9
1221,7
1222,3
1223,6
1224,3
1225,11
1226,8
1227,1
1228,6
1229,2
123,10
1230,0
1231,8
1232,11
1233,8
1234,12
1235,9
1236,6
1237,9
1238,11
1239,11
124,10
1240,9
1241,10
1242,11
1243,0
1244,8
1245,4
1246,5
1247,10
1248,4
1249,1
125,11
1250,9
1251,4
1252,8
1253,6
1254,3
1255,7
1256,9
1257,1
1258,3
1259,8
126,12
1260,5
1261,2
1262,10
1263,0
1264,6
1265,5
1266,4
1267,5
1268,9
1269,4
127,3
1270,9
1271,3
1272,2
1273,11
1274,9
1275,2
1276,7
1277,11
1278,4
1279,1
128,5
1280,2
1281,4
1282,12
1283,11
1284,1
1285,5
1286,10
1287,4
1288,10
1289,11
129,10
1290,7
1291,10
1292,7
1293,5
1294,0
1295,1
1296,12
1297,3
1298,9
1299,3
13,8
130,8
1300,0
1301,1
1302,4
1303,9
1304,7
1305,11
1306,7
1307,2
1308,1
1309,7
131,2
1310,5
1311,5
1312,6
1313,0
1314,8
1315,12
1316,11
1317,1
1318,10
1319,4
132,0
1320,5
1321,3
1322,3
1323,4
1324,7
1325,12
1326,8
1327,9
1328,3
1329,1
133,1
1330,10
1331,8
1332,7
1333,0
1334,6
1335,11
1336,9
1337,6
1338,0
1339,10
134,7
1340,4
1341,5
1342,7
1343,1
1344,6
1345,2
1346,1
1347,2
1348,0
1349,3
135,11
1350,6
1351,1
1352,10
1353,9
1354,9
1355,9
1356,10
1357,11
1358,9
1359,1
136,0
1360,11
1361,10
1362,11
1363,7
1364,11
1365,10
1366,5
1367,9
1368,4
1369,7
137,10
1370,12
1371,3
1372,0
1373,3
1374,3
1375,9
1376,7
1377,9
1378,12
1379,7
138,5
1380,3
1381,2
1382,10
1383,8
1384,7
1385,10
1386,6
1387,0
1388,3
1389,4
139,2
1390,10
1391,4
1392,10
1393,8
1394,3
1395,5
1396,6
1397,6
1398,8
1399,5
14,10
140,10
1400,5
1401,10
1402,1
1403,10
1404,9
1405,10
1406,1
1407,0
1408,7
1409,1
141,2
1410,5
1411,10
1412,12
1413,11
1414,12
1415,5
1416,0
1417,8
1418,8
1419,6
142,5
1420,7
1421,2
1422,10
1423,10
1424,4
1425,4
1426,3
1427,8
1428,12
1429,3
143,11
1430,9
1431,9
1432,6
1433,3
1434,1
1435,10
1436,12
1437,1
1438,1
1439,8
144,5
1440,4
1441,0
1442,0
1443,12
1444,11
1445,4
1446,5
1447,11
1448,12
1449,4
145,8
1450,10
1451,7
1452,6
1453,3
1454,10
1455,12
1456,6
1457,0
1458,4
1459,4
146,2
1460,3
1461,2
1462,4
1463,0
1464,4
1465,12
1466,0
1467,12
1468,0
1469,6
147,9
1470,2
1471,5
1472,1
1473,5
1474,2
1475,10
1476,7
1477,3
1478,6
1479,10
148,2
1480,10
1481,5
1482,5
1483,10
1484,8
1485,9
1486,10
1487,4
1488,6
1489,4
149,8
1490,4
1491,9
1492,11
1493,10
1494,9
1495,5
1496,2
1497,11
1498,9
1499,9
15,7
150,5
1500,10
1501,11
1502,0
1503,7
1504,3
1505,1
1506,1
1507,11
1508,12
1509,10
151,12
1510,5
1511,11
1512,2
1513,2
1514,5
1515,11
1516,3
1517,9
1518,5
1519,4
152,5
1520,6
1521,7
1522,7
1523,7
1524,10
1525,7
1526,6
1527,6
1528,4
1529,8
153,9
1530,3
1531,10
1532,10
1533,12
1534,4
1535,3
1536,6
1537,1
1538,6
1539,6
154,9
1540,11
1541,10
1542,6
1543,6
1544,11
1545,5
1546,6
1547,4
1548,1
1549,5
155,12
1550,4
1551,8
1552,7
1553,9
1554,8
1555,4
1556,11
1557,10
1558,8
1559,4
156,7
1560,5
1561,10
1562,3
1563,10
1564,10
1565,4
1566,10
1567,7
1568,7
1569,0
157,4
1570,11
1571,2
1572,12
1573,12
1574,7
1575,1
1576,5
1577,8
1578,4
1579,10
158,1
1580,0
1581,7
1582,2
1583,0
1584,12
1585,8
1586,10
1587,12
1588,5
1589,0
159,10
1590,2
1591,11
1592,4
1593,7
1594,3
1595,4
1596,3
1597,1
1598,6
1599,2
16,1
160,0
1600,6
1601,8
1602,10
1603,8
1604,7
1605,10
1606,0
1607,8
1608,8
1609,9
161,11
1610,9
1611,0
1612,8
1613,12
1614,6
1615,6
1616,10
1617,4
1618,10
1619,5
162,10
1620,9
1621,11
1622,12
1623,2
1624,7
1625,11
1626,0
1627,5
1628,4
1629,1
163,5
1630,8
1631,2
1632,0
1633,8
1634,3
1635,7
1636,10
1637,2
1638,11
1639,1
164,5
1640,3
1641,0
1642,10
1643,2
1644,8
1645,4
1646,5
1647,9
1648,0
1649,6
165,2
1650,7
1651,9
1652,2
1653,9
1654,0
1655,6
1656,8
1657,3
1658,10
1659,10
166,11
1660,2
1661,7
1662,3
1663,9
1664,9
1665,4
1666,4
1667,12
1668,1
1669,11
167,3
1670,7
1671,8
1672,10
1673,10
1674,1
1675,4
1676,5
1677,2
1678,11
1679,10
168,7
1680,2
1681,12
1682,10
1683,9
1684,3
1685,4
1686,2
1687,3
1688,8
1689,6
169,9
1690,7
1691,5
1692,6
1693,4
1694,5
1695,3
1696,7
1697,6
1698,1
1699,2
17,8
170,9
1700,3
1701,4
1702,1
1703,12
1704,5
1705,5
1706,9
1707,8
1708,2
1709,7
171,1
1710,0
1711,4
1712,9
1713,1
1714,4
1715,3
1716,11
1717,11
1718,10
1719,9
172,5
1720,9
1721,12
1722,11
1723,3
1724,10
1725,7
1726,9
1727,5
1728,12
1729,2
173,10
1730,12
1731,6
1732,0
1733,7
1734,10
1735,3
1736,10
1737,0
1738,10
1739,9
174,0
1740,10
1741,3
1742,5
1743,9
1744,1
1745,2
1746,7
1747,0
1748,10
1749,10
175,3
1750,10
1751,4
1752,9
1753,12
1754,5
1755,12
1756,1
1757,2
1758,8
1759,6
176,11
1760,7
1761,7
1762,9
1763,9
1764,7
1765,4
1766,10
1767,5
1768,9
1769,7
177,9
1770,6
1771,1
1772,0
1773,2
1774,0
1775,12
1776,0
1777,6
1778,4
1779,7
178,2
1780,12
1781,11
1782,0
1783,10
1784,2
1785,10
1786,0
1787,6
1788,12
1789,4
179,8
1790,0
1791,2
1792,9
1793,1
1794,2
1795,2
1796,1
1797,9
1798,1
1799,11
18,12
180,2
1800,6
1801,3
1802,3
1803,4
1804,5
1805,3
1806,2
1807,10
1808,9
1809,12
181,5
1810,1
1811,0
1812,9
1813,2
1814,3
1815,2
1816,8
1817,1
1818,5
1819,8
182,1
1820,5
1821,11
1822,5
1823,10
1824,8
1825,12
1826,11
1827,10
1828,5
1829,3
183,12
1830,5
1831,5
1832,6
1833,12
1834,7
1835,5
1836,7
1837,3
1838,8
1839,6
184,10
1840,6
1841,11
1842,11
1843,11
1844,9
1845,12
1846,2
1847,11
1848,5
1849,3
185,7
1850,4
1851,3
1852,4
1853,8
1854,2
1855,9
1856,6
1857,8
1858,3
1859,11
186,3
1860,7
1861,7
1862,9
1863,1
1864,2
1865,2
1866,5
1867,3
1868,12
1869,7
187,11
1870,12
1871,2
1872,8
1873,0
1874,11
1875,3
1876,3
1877,7
1878,12
1879,1
188,6
1880,10
1881,9
1882,0
1883,9
1884,6
1885,2
1886,5
1887,0
1888,6
1889,5
189,11
1890,9
1891,11
1892,1
1893,11
1894,3
1895,2
1896,10
1897,5
1898,12
1899,4
19,5
190,3
1900,11
1901,2
1902,8
1903,5
1904,11
1905,5
1906,10
1907,9
1908,9
1909,0
191,7
1910,6
1911,9
1912,2
1913,6
1914,4
1915,2
1916,9
1917,9
1918,9
1919,2
192,6
1920,12
1921,7
1922,8
1923,8
1924,9
1925,2
1926,5
1927,11
1928,6
1929,11
193,5
1930,9
1931,10
1932,3
1933,8
1934,12
1935,2
1936,1
1937,5
1938,5
1939,7
194,11
1940,5
1941,5
1942,12
1943,6
1944,6
1945,8
1946,9
1947,0
1948,9
1949,8
195,10
1950,9
1951,6
1952,3
1953,12
1954,4
1955,4
1956,3
1957,1
1958,12
1959,10
196,4
1960,6
1961,6
1962,3
1963,12
1964,1
1965,11
1966,10
1967,1
1968,9
1969,1
197,7
1970,8
1971,9
1972,12
1973,8
1974,3
1975,1
1976,5
1977,0
1978,10
1979,9
198,4
1980,6
1981,5
1982,7
1983,12
1984,1
1985,10
1986,2
1987,2
1988,11
1989,0
199,8
1990,11
1991,3
1992,7
1993,11
1994,8
1995,8
1996,7
1997,12
1998,6
1999,8
2,12
20,10
200,0
2000,12
2001,4
2002,2
2003,9
2004,3
2005,11
2006,11
2007,11
2008,0
2009,7
201,5
2010,5
2011,1
2012,6
2013,9
2014,6
2015,12
2016,5
2017,4
2018,9
2019,6
202,10
2020,5
2021,5
2022,2
2023,3
2024,2
2025,8
2026,3
2027,12
2028,7
2029,12
203,11
2030,1
2031,4
2032,4
2033,9
2034,1
2035,2
2036,7
2037,0
2038,7
2039,2
204,11
2040,4
2041,0
2042,12
2043,5
2044,3
2045,7
2046,11
2047,6
2048,0
2049,12
205,8
2050,2
2051,2
2052,0
2053,6
2054,10
2055,3
2056,2
2057,3
2058,5
2059,4
206,10
2060,4
2061,12
2062,9
2063,12
2064,6
2065,8
2066,2
2067,1
2068,2
2069,7
207,6
2070,2
2071,1
2072,8
2073,3
2074,6
2075,3
2076,12
2077,6
2078,6
2079,11
208,5
2080,1
2081,10
2082,11
2083,12
2084,8
2085,5
2086,6
2087,4
2088,12
2089,3
209,2
2090,4
2091,8
2092,5
2093,2
2094,5
2095,5
2096,0
2097,12
2098,7
2099,7
21,1
210,9
2100,10
2101,2
2102,8
2103,7
2104,1
2105,7
2106,0
2107,5
2108,9
2109,11
211,2
2110,7
2111,6
2112,12
2113,7
2114,11
2115,10
2116,9
2117,0
2118,8
2119,6
212,3
2120,5
2121,6
2122,2
2123,6
2124,8
2125,10
2126,2
2127,6
2128,4
2129,4
213,0
2130,1
2131,3
2132,7
2133,3
2134,5
2135,1
2136,9
2137,0
2138,10
2139,8
214,9
2140,10
2141,2
2142,8
2143,1
2144,11
2145,5
2146,6
2147,9
2148,10
2149,11
215,8
2150,10
2151,12
2152,1
2153,12
2154,9
2155,7
2156,8
2157,6
2158,6
2159,9
216,1
2160,1
2161,8
2162,11
2163,10
2164,5
2165,6
2166,9
2167,0
2168,12
2169,5
217,8
2170,12
2171,10
2172,6
2173,3
2174,0
2175,6
2176,8
2177,2
2178,5
2179,0
218,9
2180,3
2181,12
2182,10
2183,5
2184,9
2185,12
2186,8
2187,11
2188,6
2189,0
219,2
2190,3
2191,0
2192,6
2193,9
2194,2
2195,3
2196,5
2197,4
2198,6
2199,0
22,5
220,11
2200,12
2201,2
2202,10
2203,2
2204,3
2205,1
2206,7
2207,1
2208,10
2209,11
221,12
2210,3
2211,3
2212,0
2213,12
2214,2
2215,2
2216,10
2217,3
2218,11
2219,3
222,4
2220,10
2221,1
2222,2
2223,3
2224,12
2225,1
2226,2
2227,12
2228,9
2229,9
223,12
2230,11
2231,9
2232,6
2233,2
2234,12
2235,0
2236,5
2237,11
2238,5
2239,4
224,6
2240,0
2241,2
2242,10
2243,11
2244,9
2245,9
2246,6
2247,1
2248,3
2249,11
225,1
2250,3
2251,4
2252,10
2253,7
2254,10
2255,4
2256,5
2257,4
2258,0
2259,10
226,8
2260,8
2261,8
2262,11
2263,11
2264,6
2265,2
2266,3
2267,7
2268,3
2269,11
227,5
2270,0
2271,12
2272,0
2273,2
2274,0
2275,7
2276,7
2277,11
2278,5
2279,6
228,7
2280,3
2281,10
2282,5
2283,9
2284,2
2285,12
2286,8
2287,11
2288,6
2289,0
229,10
2290,6
2291,1
2292,1
2293,10
2294,3
2295,3
2296,2
2297,11
2298,6
2299,2
23,12
230,0
2300,6
2301,2
2302,11
2303,11
2304,1
2305,4
2306,3
2307,3
2308,11
2309,8
231,3
2310,3
2311,9
2312,4
2313,3
2314,4
2315,0
2316,3
2317,1
2318,3
2319,7
232,11
2320,2
2321,8
2322,7
2323,4
2324,11
2325,8
2326,1
2327,6
2328,8
2329,3
233,6
2330,10
2331,4
2332,12
2333,0
2334,6
2335,7
2336,1
2337,9
2338,8
2339,1
234,1
2340,7
2341,11
2342,1
2343,5
2344,5
2345,4
2346,6
2347,7
2348,11
2349,1
235,8
2350,6
2351,4
2352,9
2353,9
2354,10
2355,9
2356,6
2357,7
2358,7
2359,8
236,2
2360,10
2361,12
2362,0
2363,9
2364,12
2365,8
2366,7
2367,2
2368,6
2369,2
237,11
2370,7
2371,9
2372,7
2373,10
2374,4
2375,2
2376,12
2377,12
2378,7
2379,7
238,5
2380,2
2381,8
2382,6
2383,7
2384,12
2385,1
2386,9
2387,2
2388,7
2389,3
239,1
2390,7
2391,7
2392,4
2393,7
2394,10
2395,5
2396,9
2397,4
2398,1
2399,5
24,0
240,6
2400,11
2401,4
2402,5
2403,7
2404,8
2405,6
2406,7
2407,3
2408,10
2409,3
241,7
2410,10
2411,3
2412,12
2413,1
2414,8
2415,12
2416,5
2417,1
2418,6
2419,11
242,10
2420,3
2421,0
2422,9
2423,6
2424,4
2425,3
2426,4
2427,2
2428,8
2429,7
243,10
2430,6
2431,6
2432,11
2433,3
2434,12
2435,5
2436,0
2437,0
2438,2
2439,1
244,6
2440,5
2441,12
2442,2
2443,3
2444,2
2445,7
2446,1
2447,3
2448,1
2449,8
245,0
2450,2
2451,5
2452,7
2453,4
2454,1
2455,9
2456,6
2457,11
2458,3
2459,10
246,12
2460,4
2461,6
2462,5
2463,5
2464,10
2465,12
2466,10
2467,10
2468,11
2469,6
247,9
2470,6
2471,9
2472,6
2473,11
2474,11
2475,0
2476,4
2477,5
2478,12
2479,7
248,11
2480,3
2481,5
2482,6
2483,8
2484,5
2485,3
2486,6
2487,6
2488,11
2489,9
249,7
2490,12
2491,9
2492,8
2493,10
2494,11
2495,7
2496,2
2497,5
2498,0
2499,8
25,7
250,2
2500,1
2501,9
2502,9
2503,5
2504,4
2505,12
2506,12
2507,7
2508,8
2509,2
251,11
2510,9
2511,11
2512,8
2513,12
2514,7
2515,5
2516,12
2517,8
2518,2
2519,9
252,5
2520,5
2521,12
2522,4
2523,0
2524,9
2525,5
2526,11
2527,8
2528,12
2529,1
253,2
2530,1
2531,6
2532,6
2533,0
2534,12
2535,2
2536,6
2537,10
2538,7
2539,1
254,2
2540,11
2541,2
2542,7
2543,1
2544,1
2545,5
2546,4
2547,6
2548,7
2549,10
255,3
2550,4
2551,5
2552,5
2553,5
2554,9
2555,7
2556,5
2557,2
2558,1
2559,11
256,11
2560,4
2561,12
2562,0
2563,3
2564,5
2565,5
2566,9
2567,7
2568,0
2569,2
257,9
2570,11
2571,3
2572,4
2573,2
2574,6
2575,11
2576,6
2577,4
2578,7
2579,3
258,9
2580,7
2581,1
2582,11
2583,3
2584,4
2585,2
2586,4
2587,2
2588,9
2589,8
259,1
2590,0
2591,0
2592,11
2593,8
2594,9
2595,10
2596,6
2597,5
2598,8
2599,3
26,9
260,4
2600,6
2601,1
2602,5
2603,9
2604,8
2605,7
2606,4
2607,10
2608,4
2609,3
261,8
2610,7
2611,7
2612,0
2613,10
2614,11
2615,8
2616,4
2617,0
2618,8
2619,2
262,2
2620,1
2621,8
2622,11
2623,10
2624,4
2625,7
2626,9
2627,7
2628,0
2629,9
263,5
2630,2
2631,3
2632,1
2633,2
2634,2
2635,0
2636,11
2637,6
2638,5
2639,4
264,2
2640,7
2641,11
2642,2
2643,1
2644,5
2645,2
2646,2
2647,0
2648,1
2649,9
265,6
2650,10
2651,11
2652,10
2653,5
2654,11
2655,1
2656,6
2657,6
2658,9
2659,1
266,10
2660,9
2661,2
2662,9
2663,10
2664,6
2665,5
2666,7
2667,10
2668,0
2669,0
267,4
2670,10
2671,9
2672,9
2673,6
2674,4
2675,8
2676,5
2677,10
2678,7
2679,5
268,12
2680,5
2681,10
2682,8
2683,0
2684,7
2685,10
2686,3
2687,11
2688,7
2689,3
269,11
2690,5
2691,9
2692,8
2693,12
2694,4
2695,11
2696,9
2697,12
2698,1
2699,10
27,4
270,11
2700,2
2701,12
2702,3
2703,4
2704,2
2705,4
2706,6
2707,0
2708,10
2709,1
271,0
2710,5
2711,10
2712,11
2713,5
2714,11
2715,3
2716,2
2717,5
2718,9
2719,10
272,9
2720,8
2721,8
2722,8
2723,0
2724,3
2725,5
2726,11
2727,9
2728,3
2729,1
273,3
2730,2
2731,9
2732,6
2733,0
2734,1
2735,9
2736,12
2737,3
2738,9
2739,6
274,4
2740,9
2741,12
2742,5
2743,12
2744,0
2745,11
2746,7
2747,4
2748,5
2749,12
275,9
2750,5
2751,10
2752,10
2753,2
2754,1
2755,9
2756,6
2757,0
2758,4
2759,4
276,11
2760,9
2761,3
2762,4
2763,11
2764,0
2765,5
2766,7
2767,5
2768,6
2769,10
277,1
2770,0
2771,9
2772,2
2773,5
2774,1
2775,7
2776,3
2777,11
2778,11
2779,11
278,4
2780,5
2781,3
2782,1
2783,10
2784,2
2785,8
2786,2
2787,11
2788,2
2789,9
279,6
2790,4
2791,12
2792,12
2793,4
2794,11
2795,0
2796,4
2797,5
2798,4
2799,0
28,9
280,11
2800,1
2801,3
2802,7
2803,4
2804,1
2805,10
2806,12
2807,6
2808,9
2809,2
281,6
2810,0
2811,5
2812,9
2813,7
2814,9
2815,1
2816,11
2817,0
2818,6
2819,1
282,6
2820,0
2821,10
2822,10
2823,9
2824,8
2825,7
2826,2
2827,2
2828,3
2829,0
283,3
2830,2
2831,5
2832,3
2833,7
2834,2
2835,0
2836,7
2837,10
2838,6
2839,9
284,5
2840,11
2841,9
2842,11
2843,11
2844,1
2845,5
2846,6
2847,11
2848,4
2849,9
285,1
2850,1
2851,11
2852,1
2853,5
2854,0
2855,1
2856,3
2857,11
2858,8
2859,11
286,2
2860,7
2861,5
2862,6
2863,8
2864,9
2865,11
2866,9
2867,3
2868,8
2869,5
287,2
2870,9
2871,12
2872,1
2873,5
2874,0
2875,11
2876,6
2877,11
2878,1
2879,6
288,3
2880,7
2881,6
2882,0
2883,0
2884,10
2885,11
2886,5
2887,0
2888,7
2889,0
289,6
2890,2
2891,6
2892,1
2893,3
2894,11
2895,4
2896,8
2897,5
2898,4
2899,0
29,4
290,5
2900,10
2901,2
2902,1
2903,8
2904,10
2905,10
2906,3
2907,11
2908,1
2909,8
291,9
2910,1
2911,1
2912,0
2913,6
2914,3
2915,7
2916,0
2917,10
2918,5
2919,5
292,12
2920,2
2921,7
2922,1
2923,6
2924,12
2925,2
2926,7
2927,9
2928,7
2929,2
293,11
2930,1
2931,10
2932,2
2933,5
2934,0
2935,9
2936,10
2937,12
2938,4
2939,0
294,8
2940,3
2941,5
2942,6
2943,2
2944,2
2945,3
2946,12
2947,12
2948,12
2949,11
295,2
2950,7
2951,11
2952,2
2953,10
2954,7
2955,1
2956,11
2957,3
2958,1
2959,1
296,7
2960,1
2961,6
2962,2
2963,7
2964,6
2965,11
2966,7
2967,11
2968,4
2969,11
297,6
2970,5
2971,3
2972,6
2973,5
2974,5
2975,0
2976,2
2977,7
2978,4
2979,11
298,6
2980,9
2981,6
2982,10
2983,11
2984,10
2985,10
2986,6
2987,10
2988,3
2989,7
299,12
2990,0
2991,3
2992,5
2993,10
2994,9
2995,4
2996,4
2997,6
2998,7
2999,10
3,7
30,2
300,7
3000,0
3001,9
3002,2
3003,2
3004,6
3005,6
3006,6
3007,3
3008,2
3009,10
301,11
3010,11
3011,1
3012,11
3013,10
3014,8
3015,3
3016,4
3017,10
3018,8
3019,11
302,3
3020,1
3021,11
3022,11
3023,11
3024,12
3025,0
3026,4
3027,12
3028,3
3029,7
303,10
3030,5
3031,3
3032,5
3033,5
3034,9
3035,10
3036,1
3037,11
3038,5
3039,2
304,4
3040,7
3041,12
3042,1
3043,8
3044,11
3045,2
3046,8
3047,8
3048,8
3049,2
305,10
3050,8
3051,9
3052,11
3053,12
3054,3
3055,11
3056,5
3057,11
3058,7
3059,5
306,9
3060,0
3061,4
3062,9
3063,11
3064,1
3065,6
3066,2
3067,6
3068,11
3069,6
307,9
3070,8
3071,11
3072,0
3073,7
3074,8
3075,9
3076,8
3077,11
3078,3
3079,12
308,6
3080,4
3081,2
3082,12
3083,6
3084,11
3085,3
3086,8
3087,5
3088,8
3089,4
309,8
3090,6
3091,6
3092,11
3093,9
3094,3
3095,11
3096,8
3097,3
3098,9
3099,11
31,1
310,6
3100,1
3101,0
3102,10
3103,5
3104,1
3105,7
3106,8
3107,2
3108,4
3109,9
311,12
3110,8
3111,5
3112,6
3113,9
3114,0
3115,12
3116,4
3117,6
3118,12
3119,8
312,6
3120,10
3121,11
3122,10
3123,8
3124,1
3125,11
3126,1
3127,5
3128,9
3129,10
313,11
3130,0
3131,7
3132,5
3133,1
3134,11
3135,10
3136,8
3137,12
3138,6
3139,7
314,4
3140,0
3141,5
3142,3
3143,12
3144,6
3145,12
3146,0
3147,10
3148,5
3149,8
315,5
3150,6
3151,3
3152,6
3153,5
3154,8
3155,9
3156,4
3157,0
3158,0
3159,8
316,2
3160,12
3161,0
3162,8
3163,11
3164,1
3165,7
3166,9
3167,12
3168,2
3169,3
317,3
3170,12
3171,9
3172,10
3173,4
3174,9
3175,7
3176,4
3177,10
3178,1
3179,11
318,7
3180,2
3181,8
3182,2
3183,8
3184,12
3185,11
3186,6
3187,5
3188,9
3189,0
319,7
3190,3
3191,7
3192,7
3193,8
3194,5
3195,5
3196,7
3197,11
3198,1
3199,7
32,4
320,0
3200,6
3201,11
3202,1
3203,2
3204,10
3205,9
3206,8
3207,2
3208,4
3209,5
321,6
3210,2
3211,10
3212,4
3213,5
3214,12
3215,9
3216,5
3217,11
3218,2
3219,5
322,11
3220,10
3221,0
3222,6
3223,4
3224,4
3225,6
3226,8
3227,11
3228,12
3229,9
323,9
3230,0
3231,6
3232,11
3233,4
3234,0
3235,3
3236,1
3237,6
3238,5
3239,3
324,2
3240,0
3241,7
3242,7
3243,10
3244,10
3245,6
3246,3
3247,9
3248,1
3249,10
325,2
3250,7
3251,1
3252,4
3253,3
3254,10
3255,0
3256,12
3257,10
3258,1
3259,2
326,10
3260,7
3261,8
3262,0
3263,1
3264,0
3265,2
3266,10
3267,1
3268,2
3269,1
327,2
3270,3
3271,7
3272,11
3273,2
3274,12
3275,4
3276,9
3277,5
3278,9
3279,4
328,4
3280,2
3281,11
3282,10
3283,2
3284,9
3285,6
3286,3
3287,3
3288,10
3289,11
329,6
3290,9
3291,5
3292,10
3293,9
3294,7
3295,10
3296,0
3297,2
3298,11
3299,3
33,9
330,6
3300,6
3301,9
3302,1
3303,4
3304,5
3305,12
3306,8
3307,11
3308,4
3309,4
331,6
3310,4
3311,3
3312,0
3313,2
3314,6
3315,7
3316,1
3317,0
3318,1
3319,0
332,8
3320,9
3321,10
3322,1
3323,0
3324,7
3325,3
3326,0
3327,3
3328,10
3329,5
333,1
3330,7
3331,7
3332,0
3333,8
3334,7
3335,5
3336,11
3337,2
3338,6
3339,7
334,11
3340,0
3341,4
3342,1
3343,3
3344,11
3345,7
3346,3
3347,9
3348,11
3349,7
335,2
3350,11
3351,8
3352,8
3353,3
3354,0
3355,10
3356,10
3357,9
3358,7
3359,2
336,7
3360,3
3361,2
3362,2
3363,0
3364,1
3365,6
3366,5
3367,11
3368,7
3369,8
337,1
3370,4
3371,5
3372,2
3373,12
3374,5
3375,12
3376,8
3377,10
3378,8
3379,5
338,11
3380,11
3381,11
3382,2
3383,10
3384,12
3385,8
3386,10
3387,2
3388,2
3389,10
339,2
3390,4
3391,2
3392,6
3393,12
3394,1
3395,1
3396,4
3397,9
3398,0
3399,1
34,2
340,4
3400,8
3401,11
3402,7
3403,9
3404,3
3405,4
3406,2
3407,4
3408,8
3409,7
341,11
3410,5
3411,11
3412,9
3413,9
3414,2
3415,0
3416,11
3417,6
3418,12
3419,3
342,10
3420,3
3421,7
3422,5
3423,7
3424,6
3425,6
3426,5
3427,9
3428,8
3429,0
343,1
3430,5
3431,0
3432,5
3433,2
3434,12
3435,5
3436,6
3437,4
3438,6
3439,1
344,3
3440,5
3441,6
3442,4
3443,7
3444,3
3445,8
3446,8
3447,2
3448,0
3449,2
345,9
3450,4
3451,10
3452,0
3453,4
3454,5
3455,0
3456,1
3457,6
3458,4
3459,10
346,7
3460,0
3461,3
3462,9
3463,8
3464,7
3465,6
3466,8
3467,4
3468,12
3469,4
347,12
3470,12
3471,4
3472,7
3473,5
3474,5
3475,11
3476,8
3477,12
3478,7
3479,7
348,7
3480,0
3481,8
3482,7
3483,12
3484,8
3485,11
3486,10
3487,7
3488,1
3489,4
349,11
3490,4
3491,11
3492,9
3493,10
3494,7
3495,3
3496,3
3497,0
3498,0
3499,7
35,5
350,1
3500,6
3501,6
3502,7
3503,5
3504,8
3505,8
3506,1
3507,8
3508,2
3509,0
351,3
3510,1
3511,9
3512,10
3513,1
3514,3
3515,1
3516,1
3517,8
3518,12
3519,6
352,10
3520,12
3521,3
3522,11
3523,6
3524,9
3525,7
3526,10
3527,0
3528,8
3529,8
353,7
3530,4
3531,10
3532,5
3533,5
3534,1
3535,5
3536,0
3537,1
3538,1
3539,10
354,5
3540,8
3541,3
3542,1
3543,10
3544,2
3545,2
3546,3
3547,4
3548,5
3549,10
355,11
3550,5
3551,3
3552,7
3553,0
3554,2
3555,6
3556,11
3557,12
3558,6
3559,1
356,6
3560,3
3561,2
3562,8
3563,0
3564,10
3565,9
3566,5
3567,12
3568,2
3569,10
357,5
3570,4
3571,3
3572,7
3573,8
3574,8
3575,7
3576,1
3577,2
3578,1
3579,11
358,12
3580,8
3581,7
3582,6
3583,11
3584,9
3585,12
3586,8
3587,8
3588,10
3589,2
359,1
3590,7
3591,10
3592,4
3593,8
3594,6
3595,6
3596,12
3597,0
3598,5
3599,0
36,2
360,11
3600,9
3601,0
3602,9
3603,8
3604,8
3605,12
3606,2
3607,10
3608,1
3609,5
361,3
3610,1
3611,3
3612,6
3613,8
3614,7
3615,2
3616,3
3617,3
3618,11
3619,4
362,5
3620,8
3621,12
3622,3
3623,4
3624,7
3625,3
3626,2
3627,4
3628,5
3629,5
363,4
3630,4
3631,4
3632,3
3633,10
3634,3
3635,0
3636,10
3637,6
3638,9
3639,9
364,12
3640,10
3641,7
3642,6
3643,12
3644,7
3645,8
3646,5
3647,4
3648,11
3649,4
365,10
3650,4
3651,9
3652,2
3653,0
3654,1
3655,7
3656,4
3657,9
3658,0
3659,12
366,4
3660,2
3661,11
3662,4
3663,4
3664,11
3665,8
3666,11
3667,9
3668,5
3669,0
367,0
3670,6
3671,0
3672,5
3673,4
3674,8
3675,7
3676,4
3677,0
3678,0
3679,10
368,7
3680,0
3681,1
3682,6
3683,1
3684,10
3685,3
3686,7
3687,11
3688,6
3689,7
369,9
3690,10
3691,10
3692,3
3693,7
3694,3
3695,10
3696,1
3697,3
3698,5
3699,4
37,5
370,5
3700,10
3701,7
3702,0
3703,11
3704,3
3705,9
3706,2
3707,2
3708,8
3709,7
371,2
3710,8
3711,4
3712,0
3713,10
3714,5
3715,4
3716,6
3717,5
3718,7
3719,12
372,3
3720,7
3721,9
3722,10
3723,12
3724,7
3725,6
3726,10
3727,6
3728,11
3729,1
373,9
3730,10
3731,8
3732,10
3733,9
3734,8
3735,0
3736,10
3737,9
3738,10
3739,0
374,12
3740,4
3741,10
3742,10
3743,11
3744,11
3745,8
3746,4
3747,3
3748,1
3749,2
375,9
3750,6
3751,9
3752,8
3753,1
3754,8
3755,10
3756,12
3757,2
3758,0
3759,4
376,11
3760,8
3761,7
3762,2
3763,4
3764,8
3765,12
3766,4
3767,2
3768,6
3769,2
377,3
3770,3
3771,3
3772,8
3773,3
3774,5
3775,10
3776,3
3777,7
3778,9
3779,12
378,6
3780,8
3781,9
3782,9
3783,2
3784,6
3785,11
3786,0
3787,7
3788,2
3789,1
379,9
3790,7
3791,8
3792,9
3793,11
3794,5
3795,7
3796,7
3797,3
3798,7
3799,8
38,5
380,5
3800,12
3801,3
3802,2
3803,10
3804,2
3805,10
3806,2
3807,2
3808,8
3809,2
381,3
3810,10
3811,6
3812,4
3813,9
3814,0
3815,2
3816,3
3817,0
3818,10
3819,8
382,4
3820,12
3821,11
3822,0
3823,5
3824,10
3825,2
3826,11
3827,3
3828,3
3829,1
383,2
3830,3
3831,3
3832,6
3833,8
3834,6
3835,6
3836,11
3837,0
3838,11
3839,0
384,5
3840,12
3841,3
3842,7
3843,2
3844,12
3845,0
3846,4
3847,12
3848,12
3849,2
385,7
3850,7
3851,5
3852,9
3853,10
3854,3
3855,6
3856,5
3857,5
3858,3
3859,1
386,1
3860,11
3861,6
3862,6
3863,4
3864,9
3865,5
3866,6
3867,11
3868,12
3869,8
387,10
3870,6
3871,10
3872,6
3873,2
3874,3
3875,7
3876,0
3877,2
3878,2
3879,12
388,10
3880,7
3881,3
3882,12
3883,6
3884,5
3885,11
3886,0
3887,0
3888,3
3889,4
389,5
3890,5
3891,3
3892,7
3893,2
3894,5
3895,7
3896,6
3897,3
3898,6
3899,4
39,6
390,10
3900,4
3901,10
3902,11
3903,8
3904,8
3905,2
3906,5
3907,7
3908,4
3909,1
391,6
3910,10
3911,8
3912,8
3913,3
3914,7
3915,11
3916,4
3917,9
3918,4
3919,7
392,9
3920,10
3921,4
3922,3
3923,4
3924,8
3925,0
3926,7
3927,7
3928,12
3929,3
393,6
3930,4
3931,9
3932,11
3933,8
3934,6
3935,8
3936,8
3937,3
3938,2
3939,2
394,6
3940,10
3941,1
3942,10
3943,3
3944,1
3945,7
3946,7
3947,8
3948,7
3949,7
395,3
3950,3
3951,11
3952,7
3953,10
3954,6
3955,2
3956,9
3957,6
3958,4
3959,0
396,11
3960,11
3961,5
3962,10
3963,10
3964,5
3965,6
3966,3
3967,8
3968,9
3969,6
397,11
3970,5
3971,7
3972,2
3973,1
3974,0
3975,8
3976,5
3977,1
3978,5
3979,8
398,0
3980,1
3981,2
3982,8
3983,7
3984,10
3985,6
3986,10
3987,6
3988,2
3989,9
399,9
3990,5
3991,11
3992,7
3993,8
3994,8
3995,1
3996,0
3997,6
3998,4
3999,8
4,8
40,3
400,10
4000,5
4001,8
4002,9
4003,10
4004,7
4005,10
4006,6
4007,11
4008,5
4009,10
401,10
4010,8
4011,1
4012,4
4013,10
4014,11
4015,10
4016,1
4017,8
4018,11
4019,9
402,4
4020,4
4021,10
4022,9
4023,2
4024,2
4025,3
4026,10
4027,11
4028,11
4029,11
403,8
4030,4
4031,10
4032,10
4033,10
4034,5
4035,0
4036,5
4037,7
4038,2
4039,0
404,11
4040,5
4041,2
4042,10
4043,0
4044,10
4045,2
4046,11
4047,5
4048,12
4049,10
405,2
4050,5
4051,0
4052,3
4053,8
4054,3
4055,8
4056,0
4057,9
4058,6
4059,5
406,3
4060,4
4061,10
4062,2
4063,2
4064,0
4065,10
4066,0
4067,1
4068,2
4069,1
407,9
4070,2
4071,6
4072,8
4073,3
4074,2
4075,4
4076,3
4077,1
4078,7
4079,9
408,10
4080,7
4081,1
4082,9
4083,1
4084,12
4085,10
4086,8
4087,12
4088,11
4089,6
409,11
4090,11
4091,11
4092,4
4093,7
4094,9
4095,7
4096,2
4097,9
4098,10
4099,0
41,8
410,1
4100,7
4101,8
4102,10
4103,6
4104,0
4105,6
4106,3
4107,6
4108,5
4109,5
411,0
4110,9
4111,2
4112,8
4113,0
4114,3
4115,2
4116,5
4117,12
4118,9
4119,4
412,2
4120,3
4121,1
4122,10
4123,8
4124,12
4125,1
4126,7
4127,10
4128,12
4129,3
413,12
4130,12
4131,9
4132,7
4133,7
4134,10
4135,10
4136,1
4137,1
4138,7
4139,0
414,7
4140,10
4141,12
4142,2
4143,0
4144,3
4145,4
4146,6
4147,2
4148,3
4149,1
415,2
4150,10
4151,7
4152,0
4153,4
4154,5
4155,8
4156,3
4157,2
4158,0
4159,6
416,0
4160,7
4161,11
4162,3
4163,1
4164,6
4165,11
4166,2
4167,7
4168,0
4169,6
417,3
4170,2
4171,2
4172,0
4173,3
4174,6
4175,9
4176,1
4177,9
4178,11
4179,4
418,5
4180,9
4181,8
4182,9
4183,4
4184,0
4185,0
4186,4
4187,3
4188,3
4189,12
419,2
4190,0
4191,10
4192,9
4193,3
4194,7
4195,4
4196,5
4197,9
4198,5
4199,4
42,1
420,11
4200,4
4201,5
4202,10
4203,9
4204,10
4205,9
4206,11
4207,7
4208,7
4209,11
421,3
4210,11
4211,3
4212,6
4213,2
4214,3
4215,3
4216,8
4217,4
4218,7
4219,11
422,10
4220,3
4221,7
4222,2
4223,10
4224,8
4225,4
4226,10
4227,4
4228,9
4229,8
423,0
4230,1
4231,7
4232,10
4233,10
4234,8
4235,2
4236,12
4237,5
4238,6
4239,7
424,4
4240,5
4241,7
4242,7
4243,7
4244,8
4245,6
4246,12
4247,9
4248,4
4249,6
425,2
4250,8
4251,1
4252,8
4253,5
4254,8
4255,12
4256,10
4257,0
4258,7
4259,2
426,5
4260,0
4261,12
4262,7
4263,1
4264,6
4265,2
4266,10
4267,7
4268,9
4269,4
427,10
4270,2
4271,5
4272,6
4273,8
4274,10
4275,4
4276,10
4277,6
4278,5
4279,2
428,7
4280,4
4281,0
4282,5
4283,5
4284,11
4285,8
4286,3
4287,10
4288,5
4289,10
429,8
4290,11
4291,4
4292,0
4293,10
4294,7
4295,2
4296,5
4297,7
4298,12
4299,1
43,4
430,10
4300,11
4301,9
4302,5
4303,1
4304,10
4305,1
4306,7
4307,4
4308,8
4309,5
431,1
4310,6
4311,2
4312,6
4313,8
4314,3
4315,7
4316,11
4317,4
4318,1
4319,5
432,8
4320,8
4321,1
4322,3
4323,2
4324,6
4325,6
4326,4
4327,5
4328,6
4329,11
433,0
4330,1
4331,9
4332,8
4333,8
4334,11
4335,12
4336,7
4337,8
4338,2
4339,0
434,3
4340,1
4341,5
4342,3
4343,0
4344,1
4345,6
4346,6
4347,0
4348,3
4349,1
435,10
4350,9
4351,9
4352,10
4353,0
4354,4
4355,2
4356,7
4357,6
4358,6
4359,5
436,4
4360,1
4361,5
4362,9
4363,5
4364,10
4365,0
4366,1
4367,10
4368,10
4369,1
437,0
4370,1
4371,2
4372,3
4373,7
4374,8
4375,0
4376,3
4377,3
4378,0
4379,3
438,1
4380,7
4381,8
4382,0
4383,9
4384,11
4385,0
4386,0
4387,3
4388,11
4389,11
439,3
4390,1
4391,5
4392,11
4393,11
4394,1
4395,3
4396,11
4397,3
4398,9
4399,9
44,4
440,3
4400,11
4401,12
4402,1
4403,7
4404,10
4405,0
4406,12
4407,10
4408,7
4409,2
441,2
4410,5
4411,10
4412,5
4413,11
4414,4
4415,1
4416,11
4417,0
4418,9
4419,2
442,1
4420,0
4421,4
4422,11
4423,4
4424,6
4425,4
4426,8
4427,6
4428,11
4429,3
443,3
4430,3
4431,2
4432,7
4433,7
4434,8
4435,6
4436,7
4437,3
4438,3
4439,11
444,12
4440,12
4441,6
4442,3
4443,9
4444,3
4445,1
4446,10
4447,10
4448,8
4449,7
445,12
4450,10
4451,9
4452,2
4453,11
4454,9
4455,1
4456,5
4457,3
4458,8
4459,5
446,4
4460,6
4461,9
4462,10
4463,10
4464,3
4465,2
4466,7
4467,6
4468,7
4469,2
447,1
4470,10
4471,7
4472,4
4473,1
4474,6
4475,1
4476,2
4477,2
4478,9
4479,7
448,1
4480,2
4481,1
4482,3
4483,6
4484,5
4485,1
4486,11
4487,3
4488,2
4489,7
449,4
4490,0
4491,10
4492,7
4493,0
4494,1
4495,8
4496,1
4497,6
4498,9
4499,8
45,1
450,0
4500,7
4501,10
4502,0
4503,4
4504,8
4505,2
4506,7
4507,9
4508,8
4509,1
451,4
4510,10
4511,7
4512,4
4513,10
4514,12
4515,2
4516,7
4517,2
4518,10
4519,11
452,7
4520,10
4521,6
4522,4
4523,6
4524,8
4525,1
4526,1
4527,2
4528,7
4529,3
453,0
4530,1
4531,5
4532,6
4533,12
4534,6
4535,7
4536,8
4537,6
4538,4
4539,12
454,5
4540,9
4541,10
4542,0
4543,11
4544,6
4545,8
4546,2
4547,11
4548,6
4549,0
455,11
4550,4
4551,3
4552,1
4553,11
4554,10
4555,5
4556,11
4557,11
4558,2
4559,2
456,4
4560,0
4561,9
4562,9
4563,12
4564,7
4565,10
4566,2
4567,2
4568,0
4569,10
457,7
4570,4
4571,4
4572,7
4573,10
4574,7
4575,11
4576,8
4577,10
4578,5
4579,9
458,9
4580,12
4581,9
4582,9
4583,5
4584,11
4585,3
4586,1
4587,4
4588,11
4589,6
459,12
4590,10
4591,3
4592,0
4593,12
4594,5
4595,6
4596,10
4597,8
4598,7
4599,3
46,11
460,0
4600,4
4601,5
4602,1
4603,0
4604,6
4605,5
4606,9
4607,11
4608,3
4609,10
461,11
4610,4
4611,4
4612,11
4613,2
4614,1
4615,10
4616,4
4617,8
4618,0
4619,9
462,0
4620,1
4621,5
4622,5
4623,10
4624,1
4625,11
4626,5
4627,6
4628,4
4629,1
463,1
4630,10
4631,9
4632,0
4633,1
4634,9
4635,3
4636,1
4637,5
4638,4
4639,9
464,10
4640,10
4641,9
4642,0
4643,10
4644,6
4645,9
4646,11
4647,5
4648,11
4649,1
465,7
4650,11
4651,6
4652,2
4653,3
4654,11
4655,1
4656,12
4657,12
4658,12
4659,8
466,5
4660,5
4661,7
4662,7
4663,12
4664,11
4665,11
4666,9
4667,12
4668,6
4669,12
467,10
4670,10
4671,11
4672,3
4673,3
4674,0
4675,4
4676,11
4677,8
4678,7
4679,8
468,8
4680,8
4681,11
4682,6
4683,10
4684,8
4685,4
4686,8
4687,11
4688,1
4689,10
469,4
4690,2
4691,5
4692,0
4693,5
4694,4
4695,4
4696,8
4697,7
4698,7
4699,5
47,10
470,10
4700,10
4701,4
4702,4
4703,4
4704,3
4705,8
4706,5
4707,8
4708,5
4709,8
471,8
4710,2
4711,5
4712,10
4713,1
4714,11
4715,8
4716,9
4717,10
4718,7
4719,12
472,1
4720,10
4721,8
4722,0
4723,8
4724,6
4725,10
4726,2
4727,10
4728,12
4729,10
473,2
4730,10
4731,3
4732,10
4733,10
4734,7
4735,7
4736,6
4737,4
4738,5
4739,0
474,0
4740,10
4741,9
4742,0
4743,3
4744,5
4745,5
4746,10
4747,2
4748,7
4749,4
475,11
4750,6
4751,9
4752,4
4753,5
4754,8
4755,0
4756,6
4757,7
4758,1
4759,0
476,5
4760,10
4761,2
4762,3
4763,5
4764,4
4765,9
4766,0
4767,6
4768,5
4769,5
477,2
4770,8
4771,0
4772,2
4773,3
4774,0
4775,4
4776,5
4777,5
4778,1
4779,6
478,10
4780,11
4781,0
4782,5
4783,0
4784,3
4785,11
4786,12
4787,3
4788,8
4789,9
479,6
4790,7
4791,0
4792,10
4793,3
4794,10
4795,0
4796,8
4797,3
4798,3
4799,11
48,7
480,11
4800,1
4801,10
4802,11
4803,5
4804,8
4805,7
4806,10
4807,10
4808,4
4809,8
481,6
4810,9
4811,3
4812,7
4813,4
4814,7
4815,2
4816,10
4817,6
4818,1
4819,7
482,2
4820,1
4821,10
4822,7
4823,4
4824,4
4825,8
4826,3
4827,4
4828,2
4829,6
483,11
4830,5
4831,10
4832,12
4833,4
4834,7
4835,5
4836,4
4837,0
4838,8
4839,6
484,9
4840,11
4841,6
4842,6
4843,0
4844,3
4845,8
4846,9
4847,9
4848,9
4849,7
485,3
4850,12
4851,12
4852,1
4853,1
4854,5
4855,1
4856,1
4857,10
4858,7
4859,11
486,6
4860,7
4861,2
4862,5
4863,9
4864,7
4865,9
4866,0
4867,8
4868,1
4869,0
487,9
4870,4
4871,2
4872,1
4873,5
4874,0
4875,0
4876,5
4877,1
4878,8
4879,4
488,6
4880,7
4881,11
4882,11
4883,10
4884,12
4885,9
4886,4
4887,2
4888,3
4889,1
489,3
4890,2
4891,7
4892,5
4893,4
4894,8
4895,0
4896,7
4897,1
4898,8
4899,8
49,12
490,10
4900,11
4901,2
4902,12
4903,7
4904,7
4905,3
4906,8
4907,3
4908,2
4909,1
491,3
4910,6
4911,10
4912,2
4913,0
4914,1
4915,11
4916,6
4917,4
4918,8
4919,4
492,8
4920,8
4921,1
4922,3
4923,3
4924,1
4925,4
4926,10
4927,5
4928,5
4929,7
493,10
4930,2
4931,10
4932,6
4933,8
4934,3
4935,10
4936,3
4937,6
4938,3
4939,7
494,8
4940,0
4941,1
4942,12
4943,10
4944,0
4945,10
4946,3
4947,1
4948,5
4949,2
495,1
4950,8
4951,11
4952,9
4953,2
4954,10
4955,10
4956,5
4957,11
4958,9
4959,7
496,11
4960,7
4961,4
4962,0
4963,7
4964,7
4965,0
4966,4
4967,6
4968,1
4969,6
497,5
4970,5
4971,8
4972,3
4973,6
4974,11
4975,7
4976,9
4977,5
4978,8
4979,12
498,7
4980,8
4981,1
4982,2
4983,4
4984,6
4985,1
4986,5
4987,4
4988,0
4989,6
499,12
4990,9
4991,4
4992,9
4993,4
4994,3
4995,10
4996,4
4997,2
4998,11
4999,5
5,9
50,8
500,6
5000,5
5001,5
5002,4
5003,10
5004,4
5005,7
5006,0
5007,7
5008,12
5009,7
501,0
5010,5
5011,9
5012,1
5013,8
5014,2
5015,9
5016,0
5017,5
5018,0
5019,0
502,1
5020,7
5021,4
5022,6
5023,8
5024,11
5025,0
5026,1
5027,8
5028,6
5029,10
503,3
5030,7
5031,7
5032,7
5033,8
5034,11
5035,6
5036,7
5037,4
5038,12
5039,4
504,11
5040,7
5041,12
5042,2
5043,0
5044,10
5045,4
5046,7
5047,4
5048,6
5049,3
505,11
5050,1
5051,10
5052,10
5053,7
5054,9
5055,11
5056,5
5057,9
5058,10
5059,9
506,6
5060,6
5061,10
5062,9
5063,12
5064,3
5065,9
5066,2
5067,9
5068,4
5069,1
507,9
5070,6
5071,7
5072,11
5073,8
5074,2
5075,6
5076,8
5077,8
5078,12
5079,0
508,2
5080,8
5081,8
5082,1
5083,12
5084,10
5085,9
5086,10
5087,3
5088,6
5089,0
509,1
5090,1
5091,4
5092,4
5093,1
5094,5
5095,2
5096,2
5097,2
5098,1
5099,7
51,3
510,3
5100,7
5101,1
5102,9
5103,6
5104,5
5105,9
5106,0
5107,4
5108,6
5109,3
511,2
5110,3
5111,11
5112,6
5113,9
5114,2
5115,12
5116,7
5117,4
5118,4
5119,0
512,12
5120,10
5121,11
5122,9
5123,6
5124,7
5125,10
5126,0
5127,6
5128,2
5129,2
513,9
5130,2
5131,11
5132,2
5133,5
5134,3
5135,7
5136,4
5137,0
5138,5
5139,2
514,10
5140,2
5141,9
5142,10
5143,0
5144,1
5145,10
5146,2
5147,3
5148,4
5149,2
515,11
5150,2
5151,5
5152,11
5153,7
5154,11
5155,9
5156,9
5157,6
5158,3
5159,12
516,12
5160,3
5161,3
5162,7
5163,4
5164,5
5165,5
5166,10
5167,4
5168,3
5169,6
517,6
5170,7
5171,3
5172,10
5173,1
5174,2
5175,4
5176,0
5177,10
5178,8
5179,12
518,4
5180,11
5181,11
5182,2
5183,4
5184,11
5185,2
5186,6
5187,7
5188,0
5189,5
519,2
5190,10
5191,0
5192,1
5193,1
5194,0
5195,4
5196,0
5197,2
5198,6
5199,7
52,1
520,12
5200,5
5201,4
5202,3
5203,3
5204,7
5205,4
5206,9
5207,9
5208,12
5209,5
521,11
5210,5
5211,2
5212,3
5213,0
5214,1
5215,3
5216,8
5217,0
5218,7
5219,2
522,3
5220,12
5221,5
5222,0
5223,4
5224,2
5225,1
5226,1
5227,10
5228,3
5229,10
523,10
5230,8
5231,9
5232,9
5233,10
5234,2
5235,3
5236,6
5237,2
5238,11
5239,10
524,10
5240,12
5241,11
5242,9
5243,5
5244,5
5245,7
5246,7
5247,4
5248,0
5249,6
525,11
5250,4
5251,2
5252,9
5253,9
5254,5
5255,8
5256,12
5257,9
5258,3
5259,10
526,2
5260,0
5261,10
5262,4
5263,9
5264,4
5265,5
5266,8
5267,0
5268,8
5269,10
527,10
5270,4
5271,7
5272,9
5273,5
5274,6
5275,8
5276,3
5277,10
5278,0
5279,7
528,11
5280,1
5281,10
5282,4
5283,6
5284,4
5285,7
5286,11
5287,7
5288,12
5289,5
529,5
5290,4
5291,7
5292,8
5293,8
5294,3
5295,0
5296,8
5297,2
5298,2
5299,5
53,3
530,9
5300,4
5301,6
5302,0
5303,6
5304,2
5305,3
5306,11
5307,3
5308,2
5309,7
531,1
5310,5
5311,11
5312,7
5313,10
5314,7
5315,8
5316,9
5317,11
5318,2
5319,6
532,4
5320,8
5321,5
5322,9
5323,4
5324,11
5325,8
5326,0
5327,8
5328,9
5329,8
533,2
5330,6
5331,3
5332,4
5333,10
5334,3
5335,6
5336,9
5337,1
5338,0
5339,0
534,8
5340,5
5341,12
5342,9
5343,12
5344,4
5345,4
5346,9
5347,5
5348,2
5349,1
535,7
5350,1
5351,6
5352,7
5353,9
5354,12
5355,4
5356,11
5357,3
5358,0
5359,11
536,10
5360,4
5361,11
5362,7
5363,6
5364,4
5365,0
5366,8
5367,2
5368,11
5369,2
537,3
5370,8
5371,3
5372,8
5373,11
5374,4
5375,7
5376,10
5377,1
5378,9
5379,5
538,8
5380,10
5381,8
5382,11
5383,5
5384,1
5385,9
5386,8
5387,9
5388,10
5389,6
539,12
5390,3
5391,10
5392,11
5393,0
5394,11
5395,11
5396,11
5397,12
5398,1
5399,1
54,11
540,6
5400,1
5401,5
5402,4
5403,2
5404,2
5405,8
5406,1
5407,12
5408,1
5409,0
541,6
5410,7
5411,0
5412,6
5413,7
5414,1
5415,9
5416,7
5417,9
5418,6
5419,7
542,3
5420,7
5421,9
5422,4
5423,9
5424,8
5425,12
5426,1
5427,2
5428,0
5429,1
543,8
5430,8
5431,10
5432,1
5433,0
5434,2
5435,1
5436,3
5437,8
5438,10
5439,5
544,9
5440,12
5441,3
5442,2
5443,4
5444,7
5445,2
5446,7
5447,12
5448,2
5449,10
545,11
5450,1
5451,10
5452,6
5453,5
5454,11
5455,11
5456,0
5457,6
5458,2
5459,9
546,9
5460,6
5461,1
5462,9
5463,9
5464,2
5465,8
5466,6
5467,11
5468,7
5469,1
547,0
5470,10
5471,11
5472,0
5473,6
5474,8
5475,4
5476,2
5477,3
5478,8
5479,2
548,7
5480,2
5481,6
5482,4
5483,5
5484,4
5485,2
5486,7
5487,6
5488,3
5489,11
549,10
5490,5
5491,11
5492,1
5493,7
5494,11
5495,11
5496,5
5497,9
5498,7
5499,11
55,11
550,6
5500,8
5501,5
5502,7
5503,7
5504,9
5505,5
5506,10
5507,3
5508,7
5509,12
551,8
5510,5
5511,5
5512,1
5513,8
5514,2
5515,1
5516,3
5517,0
5518,10
5519,3
552,1
5520,8
5521,2
5522,4
5523,3
5524,5
5525,3
5526,4
5527,8
5528,11
5529,7
553,9
5530,0
5531,0
5532,7
5533,3
5534,7
5535,8
5536,2
5537,11
5538,8
5539,8
554,8
5540,1
5541,6
5542,12
5543,1
5544,1
5545,8
5546,2
5547,9
5548,10
5549,4
555,6
5550,2
5551,5
5552,12
5553,0
5554,4
5555,4
5556,9
5557,6
5558,9
5559,6
556,6
5560,4
5561,8
5562,8
5563,10
5564,2
5565,0
5566,5
5567,4
5568,9
5569,11
557,6
5570,10
5571,4
5572,10
5573,3
5574,4
5575,1
5576,0
5577,12
5578,3
5579,1
558,12
5580,0
5581,9
5582,12
5583,8
5584,12
5585,3
5586,9
5587,8
5588,6
5589,11
559,10
5590,1
5591,11
5592,8
5593,6
5594,12
5595,7
5596,12
5597,5
5598,8
5599,9
56,1
560,4
5600,0
5601,6
5602,2
5603,12
5604,10
5605,4
5606,0
5607,7
5608,10
5609,10
561,10
5610,11
5611,4
5612,6
5613,9
5614,5
5615,8
5616,3
5617,8
5618,2
5619,9
562,1
5620,2
5621,11
5622,4
5623,3
5624,6
5625,6
5626,3
5627,7
5628,7
5629,1
563,4
5630,12
5631,11
5632,2
5633,6
5634,8
5635,4
5636,9
5637,9
5638,8
5639,7
564,1
5640,5
5641,0
5642,1
5643,7
5644,9
5645,8
5646,7
5647,8
5648,10
5649,0
565,0
5650,10
5651,5
5652,3
5653,4
5654,11
5655,2
5656,8
5657,4
5658,4
5659,7
566,11
5660,12
5661,9
5662,9
5663,8
5664,6
5665,8
5666,1
5667,2
5668,1
5669,12
567,10
5670,10
5671,3
5672,2
5673,4
5674,1
5675,12
5676,3
5677,10
5678,0
5679,5
568,5
5680,4
5681,3
5682,8
5683,1
5684,7
5685,3
5686,6
5687,8
5688,1
5689,7
569,12
5690,5
5691,3
5692,11
5693,7
5694,4
5695,10
5696,2
5697,1
5698,1
5699,10
57,10
570,10
5700,3
5701,0
5702,4
5703,1
5704,0
5705,7
5706,2
5707,7
5708,0
5709,10
571,7
5710,10
5711,10
5712,0
5713,5
5714,10
5715,4
5716,3
5717,9
5718,5
5719,10
572,0
5720,12
5721,8
5722,2
5723,3
5724,5
5725,10
5726,10
5727,6
5728,4
5729,2
573,2
5730,2
5731,4
5732,1
5733,9
5734,11
5735,5
5736,5
5737,9
5738,0
5739,7
574,6
5740,2
5741,11
5742,8
5743,8
5744,6
5745,7
5746,2
5747,12
5748,9
5749,10
575,7
5750,12
5751,4
5752,8
5753,0
5754,4
5755,3
5756,7
5757,0
5758,11
5759,1
576,4
5760,10
5761,10
5762,7
5763,11
5764,5
5765,6
5766,10
5767,7
5768,0
5769,10
577,6
5770,1
5771,10
5772,7
5773,8
5774,5
5775,10
5776,1
5777,1
5778,1
5779,0
578,7
5780,4
5781,8
5782,5
5783,6
5784,2
5785,2
5786,1
5787,4
5788,3
5789,7
579,11
5790,8
5791,10
5792,7
5793,9
5794,9
5795,5
5796,5
5797,5
5798,9
5799,9
58,6
580,0
5800,0
5801,10
5802,6
5803,6
5804,0
5805,5
5806,10
5807,7
5808,4
5809,4
581,4
5810,3
5811,0
5812,6
5813,1
5814,8
5815,1
5816,12
5817,11
5818,9
5819,3
582,11
5820,9
5821,2
5822,11
5823,6
5824,2
5825,7
5826,11
5827,4
5828,1
5829,4
583,6
5830,12
5831,4
5832,6
5833,10
5834,11
5835,3
5836,9
5837,0
5838,6
5839,9
584,0
5840,1
5841,9
5842,1
5843,7
5844,8
5845,9
5846,2
5847,6
5848,5
5849,11
585,4
5850,7
5851,10
5852,4
5853,8
5854,0
5855,3
5856,3
5857,4
5858,9
5859,4
586,5
5860,7
5861,7
5862,4
5863,8
5864,8
5865,1
5866,8
5867,12
5868,3
5869,11
587,0
5870,5
5871,5
5872,11
5873,11
5874,4
5875,1
5876,11
5877,2
5878,7
5879,5
588,10
5880,2
5881,9
5882,6
5883,5
5884,10
5885,12
5886,12
5887,7
5888,8
5889,12
589,7
5890,6
5891,3
5892,5
5893,12
5894,4
5895,8
5896,7
5897,0
5898,10
5899,9
59,4
590,1
5900,10
5901,0
5902,1
5903,8
5904,11
5905,8
5906,10
5907,10
5908,9
5909,1
591,10
5910,0
5911,7
5912,1
5913,9
5914,3
5915,1
5916,12
5917,7
5918,3
5919,5
592,9
5920,12
5921,0
5922,6
5923,9
5924,4
5925,11
5926,3
5927,3
5928,1
5929,6
593,10
5930,1
5931,12
5932,7
5933,8
5934,0
5935,3
5936,12
5937,9
5938,9
5939,8
594,2
5940,11
5941,5
5942,7
5943,8
5944,10
5945,5
5946,12
5947,8
5948,1
5949,9
595,6
5950,0
5951,0
5952,7
5953,11
5954,0
5955,10
5956,9
5957,2
5958,1
5959,11
596,2
5960,7
5961,6
5962,5
5963,10
5964,5
5965,0
5966,11
5967,8
5968,10
5969,6
597,11
5970,4
5971,12
5972,4
5973,9
5974,2
5975,4
5976,3
5977,8
5978,9
5979,0
598,8
5980,5
5981,2
5982,9
5983,11
5984,1
5985,10
5986,9
5987,10
5988,1
5989,8
599,0
5990,2
5991,2
5992,0
5993,6
5994,8
5995,1
5996,2
5997,0
5998,11
5999,9
6,3
60,3
600,2
6000,10
6001,1
6002,3
6003,7
6004,4
6005,5
6006,10
6007,9
6008,8
6009,9
601,5
6010,10
6011,4
6012,11
6013,7
6014,3
6015,12
6016,2
6017,7
6018,2
6019,10
602,7
6020,5
6021,6
6022,10
6023,7
6024,0
6025,3
6026,6
6027,1
6028,8
6029,3
603,12
6030,4
6031,4
6032,12
6033,5
6034,1
6035,5
6036,11
6037,0
6038,1
6039,2
604,9
6040,4
6041,4
6042,11
6043,8
6044,4
6045,4
6046,3
6047,0
6048,8
6049,12
605,12
6050,6
6051,11
6052,6
6053,1
6054,8
6055,0
6056,8
6057,7
6058,7
6059,5
606,5
6060,10
6061,6
6062,2
6063,10
6064,1
6065,2
6066,2
6067,1
6068,4
6069,9
607,1
6070,8
6071,5
6072,9
6073,5
6074,0
6075,0
6076,3
6077,9
6078,7
6079,12
608,4
6080,7
6081,1
6082,5
6083,5
6084,3
6085,3
6086,11
6087,0
6088,9
6089,3
609,11
6090,0
6091,11
6092,10
6093,3
6094,3
6095,8
6096,10
6097,1
6098,4
6099,7
61,0
610,12
6100,6
6101,5
6102,1
6103,2
6104,5
6105,9
6106,2
6107,0
6108,5
6109,3
611,9
6110,10
6111,2
6112,8
6113,0
6114,1
6115,9
6116,7
6117,9
6118,7
6119,9
612,7
6120,5
6121,2
6122,5
6123,2
6124,10
6125,7
6126,10
6127,8
6128,9
6129,12
613,3
6130,5
6131,4
6132,8
6133,9
6134,12
6135,1
6136,0
6137,8
6138,4
6139,9
614,0
6140,7
6141,1
6142,7
6143,4
6144,6
6145,4
6146,11
6147,9
6148,7
6149,10
615,10
6150,10
6151,7
6152,2
6153,4
6154,7
6155,5
6156,8
6157,8
6158,12
6159,11
616,11
6160,8
6161,4
6162,0
6163,0
6164,5
6165,9
6166,3
6167,2
6168,0
6169,5
617,11
6170,3
6171,12
6172,9
6173,3
6174,1
6175,2
6176,10
6177,5
6178,12
6179,1
618,2
6180,4
6181,6
6182,10
6183,7
6184,1
6185,11
6186,10
6187,0
6188,5
6189,5
619,6
6190,6
6191,12
6192,8
6193,6
6194,6
6195,12
6196,1
6197,7
6198,6
6199,11
62,9
620,6
6200,0
6201,2
6202,0
6203,8
6204,8
6205,11
6206,8
6207,1
6208,1
6209,1
621,10
6210,8
6211,8
6212,9
6213,10
6214,11
6215,12
6216,6
6217,2
6218,5
6219,6
622,8
6220,2
6221,1
6222,10
6223,5
6224,11
6225,7
6226,11
6227,11
6228,12
6229,8
623,6
6230,4
6231,7
6232,10
6233,1
6234,9
6235,0
6236,6
6237,7
6238,5
6239,0
624,0
6240,5
6241,6
6242,2
625,0
626,1
627,3
628,4
629,3
63,4
630,1
631,4
632,8
633,6
634,5
635,10
636,4
637,0
638,6
639,7
64,0
640,0
641,3
642,2
643,9
644,5
645,3
646,1
647,0
648,7
649,6
65,8
650,6
651,3
652,10
653,5
654,3
655,7
656,5
657,8
658,10
659,0
66,11
660,11
661,11
662,5
663,1
664,6
665,0
666,10
667,8
668,4
669,4
67,2
670,0
671,2
672,9
673,4
674,2
675,2
676,2
677,3
678,10
679,9
68,10
680,5
681,8
682,7
683,11
684,7
685,2
686,7
687,8
688,1
689,4
69,2
690,5
691,0
692,1
693,6
694,3
695,2
696,1
697,3
698,1
699,12
7,4
70,9
700,3
701,4
702,10
703,0
704,4
705,8
706,6
707,10
708,12
709,7
71,2
710,0
711,2
712,8
713,8
714,9
715,8
716,4
717,11
718,9
719,7
72,5
720,8
721,2
722,11
723,4
724,9
725,8
726,5
727,7
728,0
729,4
73,4
730,5
731,4
732,8
733,1
734,12
735,1
736,7
737,1
738,12
739,5
74,11
740,1
741,1
742,8
743,1
744,6
745,4
746,11
747,1
748,8
749,2
75,12
750,1
751,1
752,11
753,2
754,11
755,2
756,1
757,6
758,2
759,7
76,2
760,6
761,0
762,6
763,4
764,6
765,3
766,4
767,6
768,7
769,5
77,1
770,10
771,0
772,5
773,0
774,11
775,8
776,1
777,6
778,5
779,5
78,9
780,9
781,5
782,9
783,2
784,3
785,0
786,9
787,7
788,8
789,8
79,0
790,1
791,11
792,1
793,12
794,7
795,10
796,9
797,7
798,0
799,4
8,12
80,4
800,11
801,8
802,4
803,5
804,9
805,7
806,11
807,6
808,4
809,2
81,7
810,6
811,3
812,7
813,8
814,11
815,6
816,5
817,2
818,5
819,10
82,6
820,0
821,0
822,7
823,9
824,3
825,8
826,3
827,8
828,5
829,11
83,1
830,5
831,4
832,4
833,4
834,5
835,1
836,9
837,8
838,7
839,11
84,3
840,5
841,8
842,5
843,7
844,0
845,9
846,8
847,4
848,10
849,3
85,0
850,3
851,9
852,3
853,2
854,7
855,7
856,8
857,1
858,1
859,1
86,1
860,9
861,6
862,6
863,0
864,1
865,8
866,7
867,5
868,0
869,3
87,4
870,9
871,2
872,6
873,0
874,2
875,10
876,6
877,0
878,7
879,6
88,1
880,7
881,6
882,5
883,10
884,3
885,7
886,5
887,5
888,9
889,3
89,3
890,5
891,0
892,4
893,4
894,5
895,3
896,6
897,10
898,7
899,6
9,5
90,11
900,11
901,10
902,9
903,2
904,4
905,3
906,3
907,8
908,1
909,0
91,1
910,0
911,7
912,1
913,9
914,1
915,6
916,3
917,2
918,6
919,6
92,2
920,9
921,1
922,3
923,10
924,4
925,4
926,11
927,6
928,2
929,0
93,8
930,8
931,0
932,4
933,3
934,3
935,9
936,8
937,6
938,7
939,4
94,11
940,9
941,10
942,0
943,3
944,10
945,1
946,11
947,4
948,3
949,3
95,4
950,1
951,0
952,5
953,10
954,6
955,12
956,12
957,2
958,7
959,7
96,9
960,0
961,3
962,10
963,0
964,2
965,10
966,7
967,8
968,9
969,1
97,10
970,10
971,10
972,12
973,6
974,1
975,1
976,8
977,0
978,4
979,2
98,6
980,10
981,6
982,4
983,0
984,12
985,6
986,0
987,1
988,5
989,0
99,1
990,0
991,8
992,6
993,9
994,1
995,1
996,6
997,6
998,12
999,2
